domain,url,available
airsca.com,http://airsca.com,True
airsca.com,http://www.airsca.com,True
airsca.com,https://airsca.com,True
airsca.com,https://www.airsca.com,True
anonimizacja.pl,http://anonimizacja.pl,True
anonimizacja.pl,http://www.anonimizacja.pl,True
anonimizacja.pl,https://anonimizacja.pl,True
anonimizacja.pl,https://www.anonimizacja.pl,True
anonymizedvideo.com,http://anonymizedvideo.com,True
anonymizedvideo.com,http://www.anonymizedvideo.com,True
anonymizedvideo.com,https://anonymizedvideo.com,True
anonymizedvideo.com,https://www.anonymizedvideo.com,True
apidsl.com,http://apidsl.com,True
apidsl.com,http://www.apidsl.com,True
apidsl.com,https://apidsl.com,True
apidsl.com,https://www.apidsl.com,True
askdomainer.com,http://askdomainer.com,True
askdomainer.com,http://www.askdomainer.com,True
askdomainer.com,https://askdomainer.com,True
askdomainer.com,https://www.askdomainer.com,True
autodeployer.com,http://autodeployer.com,True
autodeployer.com,http://www.autodeployer.com,True
autodeployer.com,https://autodeployer.com,True
autodeployer.com,https://www.autodeployer.com,True
automatyzer.com,http://automatyzer.com,True
automatyzer.com,http://www.automatyzer.com,True
automatyzer.com,https://automatyzer.com,True
automatyzer.com,https://www.automatyzer.com,True
beemonit.com,http://beemonit.com,True
beemonit.com,http://www.beemonit.com,True
beemonit.com,https://beemonit.com,True
beemonit.com,https://www.beemonit.com,True
bhackr.com,http://bhackr.com,True
bhackr.com,http://www.bhackr.com,True
bhackr.com,https://bhackr.com,True
bhackr.com,https://www.bhackr.com,True
biomonit.com,http://biomonit.com,True
biomonit.com,http://www.biomonit.com,True
biomonit.com,https://biomonit.com,True
biomonit.com,https://www.biomonit.com,True
biosoc.org,http://biosoc.org,True
biosoc.org,http://www.biosoc.org,True
biosoc.org,https://biosoc.org,True
biosoc.org,https://www.biosoc.org,True
browseek.com,http://browseek.com,True
browseek.com,http://www.browseek.com,True
browseek.com,https://browseek.com,True
browseek.com,https://www.browseek.com,True
browseen.com,http://browseen.com,True
browseen.com,http://www.browseen.com,True
browseen.com,https://browseen.com,True
browseen.com,https://www.browseen.com,True
browshell.com,http://browshell.com,True
browshell.com,http://www.browshell.com,True
browshell.com,https://browshell.com,True
browshell.com,https://www.browshell.com,True
camerainspect.com,http://camerainspect.com,True
camerainspect.com,http://www.camerainspect.com,True
camerainspect.com,https://camerainspect.com,True
camerainspect.com,https://www.camerainspect.com,True
cameramind.com,http://cameramind.com,True
cameramind.com,http://www.cameramind.com,True
cameramind.com,https://cameramind.com,True
cameramind.com,https://www.cameramind.com,True
cameramonit.com,http://cameramonit.com,True
cameramonit.com,http://www.cameramonit.com,True
cameramonit.com,https://cameramonit.com,True
cameramonit.com,https://www.cameramonit.com,True
coboarding.com,http://coboarding.com,True
coboarding.com,http://www.coboarding.com,True
coboarding.com,https://coboarding.com,True
coboarding.com,https://www.coboarding.com,True
codialog.com,http://codialog.com,True
codialog.com,http://www.codialog.com,True
codialog.com,https://codialog.com,True
codialog.com,https://www.codialog.com,True
comarkup.com,http://comarkup.com,True
comarkup.com,http://www.comarkup.com,True
comarkup.com,https://comarkup.com,True
comarkup.com,https://www.comarkup.com,True
contexttools.com,http://contexttools.com,True
contexttools.com,http://www.contexttools.com,True
contexttools.com,https://contexttools.com,True
contexttools.com,https://www.contexttools.com,True
dialogsync.com,http://dialogsync.com,True
dialogsync.com,http://www.dialogsync.com,True
dialogsync.com,https://dialogsync.com,True
dialogsync.com,https://www.dialogsync.com,True
dialogware.com,http://dialogware.com,True
dialogware.com,http://www.dialogware.com,True
dialogware.com,https://dialogware.com,True
dialogware.com,https://www.dialogware.com,True
digitname.com,http://digitname.com,True
digitname.com,http://www.digitname.com,True
digitname.com,https://digitname.com,True
digitname.com,https://www.digitname.com,True
domainleak.com,http://domainleak.com,True
domainleak.com,http://www.domainleak.com,True
domainleak.com,https://domainleak.com,True
domainleak.com,https://www.domainleak.com,True
draftom.com,http://draftom.com,True
draftom.com,http://www.draftom.com,True
draftom.com,https://draftom.com,True
draftom.com,https://www.draftom.com,True
dynapsys.com,http://dynapsys.com,False
dynapsys.com,http://www.dynapsys.com,False
dynapsys.com,https://dynapsys.com,False
dynapsys.com,https://www.dynapsys.com,False
edukacjadomowa.net,http://edukacjadomowa.net,True
edukacjadomowa.net,http://www.edukacjadomowa.net,True
edukacjadomowa.net,https://edukacjadomowa.net,True
edukacjadomowa.net,https://www.edukacjadomowa.net,True
finofficer.com,http://finofficer.com,True
finofficer.com,http://www.finofficer.com,True
finofficer.com,https://finofficer.com,True
finofficer.com,https://www.finofficer.com,True
flatedit.com,http://flatedit.com,True
flatedit.com,http://www.flatedit.com,True
flatedit.com,https://flatedit.com,True
flatedit.com,https://www.flatedit.com,True
forties.plus,http://forties.plus,True
forties.plus,http://www.forties.plus,True
forties.plus,https://forties.plus,True
forties.plus,https://www.forties.plus,True
grtsp.com,http://grtsp.com,True
grtsp.com,http://www.grtsp.com,True
grtsp.com,https://grtsp.com,True
grtsp.com,https://www.grtsp.com,True
hexagonalsandbox.com,http://hexagonalsandbox.com,True
hexagonalsandbox.com,http://www.hexagonalsandbox.com,True
hexagonalsandbox.com,https://hexagonalsandbox.com,True
hexagonalsandbox.com,https://www.hexagonalsandbox.com,True
hey-ken.com,http://hey-ken.com,True
hey-ken.com,http://www.hey-ken.com,True
hey-ken.com,https://hey-ken.com,True
hey-ken.com,https://www.hey-ken.com,True
heyken.io,http://heyken.io,True
heyken.io,http://www.heyken.io,True
heyken.io,https://heyken.io,True
heyken.io,https://www.heyken.io,True
hypermodular.com,http://hypermodular.com,True
hypermodular.com,http://www.hypermodular.com,True
hypermodular.com,https://hypermodular.com,True
hypermodular.com,https://www.hypermodular.com,True
hypermodularization.com,http://hypermodularization.com,False
hypermodularization.com,http://www.hypermodularization.com,False
hypermodularization.com,https://hypermodularization.com,False
hypermodularization.com,https://www.hypermodularization.com,False
idea2030.com,http://idea2030.com,True
idea2030.com,http://www.idea2030.com,True
idea2030.com,https://idea2030.com,True
idea2030.com,https://www.idea2030.com,True
inspectomat.com,http://inspectomat.com,True
inspectomat.com,http://www.inspectomat.com,True
inspectomat.com,https://inspectomat.com,True
inspectomat.com,https://www.inspectomat.com,True
ipcameratest.com,http://ipcameratest.com,False
ipcameratest.com,http://www.ipcameratest.com,False
ipcameratest.com,https://ipcameratest.com,False
ipcameratest.com,https://www.ipcameratest.com,False
locamera.com,http://locamera.com,True
locamera.com,http://www.locamera.com,True
locamera.com,https://locamera.com,True
locamera.com,https://www.locamera.com,True
mediainspect.com,http://mediainspect.com,True
mediainspect.com,http://www.mediainspect.com,True
mediainspect.com,https://mediainspect.com,True
mediainspect.com,https://www.mediainspect.com,True
medianon.com,http://medianon.com,True
medianon.com,http://www.medianon.com,True
medianon.com,https://medianon.com,True
medianon.com,https://www.medianon.com,True
microfunc.com,http://microfunc.com,False
microfunc.com,http://www.microfunc.com,False
microfunc.com,https://microfunc.com,False
microfunc.com,https://www.microfunc.com,False
militarity.com,http://militarity.com,True
militarity.com,http://www.militarity.com,True
militarity.com,https://militarity.com,True
militarity.com,https://www.militarity.com,True
moduletool.com,http://moduletool.com,True
moduletool.com,http://www.moduletool.com,True
moduletool.com,https://moduletool.com,True
moduletool.com,https://www.moduletool.com,True
modware.org,http://modware.org,True
modware.org,http://www.modware.org,True
modware.org,https://modware.org,True
modware.org,https://www.modware.org,True
multigit.com,http://multigit.com,True
multigit.com,http://www.multigit.com,True
multigit.com,https://multigit.com,True
multigit.com,https://www.multigit.com,True
multiobjects.com,http://multiobjects.com,True
multiobjects.com,http://www.multiobjects.com,True
multiobjects.com,https://multiobjects.com,True
multiobjects.com,https://www.multiobjects.com,True
ndof.org,http://ndof.org,True
ndof.org,http://www.ndof.org,True
ndof.org,https://ndof.org,True
ndof.org,https://www.ndof.org,True
oneday.run,http://oneday.run,True
oneday.run,http://www.oneday.run,True
oneday.run,https://oneday.run,True
oneday.run,https://www.oneday.run,True
onedayrun.com,http://onedayrun.com,True
onedayrun.com,http://www.onedayrun.com,True
onedayrun.com,https://onedayrun.com,True
onedayrun.com,https://www.onedayrun.com,True
parkingomat.com,http://parkingomat.com,True
parkingomat.com,http://www.parkingomat.com,True
parkingomat.com,https://parkingomat.com,False
parkingomat.com,https://www.parkingomat.com,False
aipersonalisation.com,http://aipersonalisation.com,True
aipersonalisation.com,http://www.aipersonalisation.com,True
aipersonalisation.com,https://aipersonalisation.com,False
aipersonalisation.com,https://www.aipersonalisation.com,False
phpfunc.com,http://phpfunc.com,True
phpfunc.com,http://www.phpfunc.com,True
phpfunc.com,https://phpfunc.com,False
phpfunc.com,https://www.phpfunc.com,False
pifunc.com,http://pifunc.com,True
pifunc.com,http://www.pifunc.com,True
pifunc.com,https://pifunc.com,True
pifunc.com,https://www.pifunc.com,True
pipexy.com,http://pipexy.com,True
pipexy.com,http://www.pipexy.com,True
pipexy.com,https://pipexy.com,True
pipexy.com,https://www.pipexy.com,True
plainmark.com,http://plainmark.com,True
plainmark.com,http://www.plainmark.com,True
plainmark.com,https://plainmark.com,True
plainmark.com,https://www.plainmark.com,True
portigen.com,http://portigen.com,True
portigen.com,http://www.portigen.com,True
portigen.com,https://portigen.com,True
portigen.com,https://www.portigen.com,True
pydock.com,http://pydock.com,True
pydock.com,http://www.pydock.com,True
pydock.com,https://pydock.com,True
pydock.com,https://www.pydock.com,True
pyfunc.com,http://pyfunc.com,True
pyfunc.com,http://www.pyfunc.com,True
pyfunc.com,https://pyfunc.com,True
pyfunc.com,https://www.pyfunc.com,True
reactstream.com,http://reactstream.com,True
reactstream.com,http://www.reactstream.com,True
reactstream.com,https://reactstream.com,True
reactstream.com,https://www.reactstream.com,True
researcher.pl,http://researcher.pl,True
researcher.pl,http://www.researcher.pl,True
researcher.pl,https://researcher.pl,True
researcher.pl,https://www.researcher.pl,True
rtap.io,http://rtap.io,True
rtap.io,http://www.rtap.io,True
rtap.io,https://rtap.io,True
rtap.io,https://www.rtap.io,True
saasisking.com,http://saasisking.com,True
saasisking.com,http://www.saasisking.com,True
saasisking.com,https://saasisking.com,True
saasisking.com,https://www.saasisking.com,True
safetytwin.com,http://safetytwin.com,True
safetytwin.com,http://www.safetytwin.com,True
safetytwin.com,https://safetytwin.com,True
safetytwin.com,https://www.safetytwin.com,True
salomos.com,http://salomos.com,True
salomos.com,http://www.salomos.com,True
salomos.com,https://salomos.com,True
salomos.com,https://www.salomos.com,True
sapletta.pl,http://sapletta.pl,True
sapletta.pl,http://www.sapletta.pl,True
sapletta.pl,https://sapletta.pl,True
sapletta.pl,https://www.sapletta.pl,True
softreck.com,http://softreck.com,True
softreck.com,http://www.softreck.com,True
softreck.com,https://softreck.com,True
softreck.com,https://www.softreck.com,True
spectomate.com,http://spectomate.com,True
spectomate.com,http://www.spectomate.com,True
spectomate.com,https://spectomate.com,True
spectomate.com,https://www.spectomate.com,True
straznik24.pl,http://straznik24.pl,True
straznik24.pl,http://www.straznik24.pl,True
straznik24.pl,https://straznik24.pl,True
straznik24.pl,https://www.straznik24.pl,True
streamware.io,http://streamware.io,True
streamware.io,http://www.streamware.io,True
streamware.io,https://streamware.io,True
streamware.io,https://www.streamware.io,True
surveilcamera.com,http://surveilcamera.com,True
surveilcamera.com,http://www.surveilcamera.com,True
surveilcamera.com,https://surveilcamera.com,True
surveilcamera.com,https://www.surveilcamera.com,True
teleoperator.org,http://teleoperator.org,True
teleoperator.org,http://www.teleoperator.org,True
teleoperator.org,https://teleoperator.org,True
teleoperator.org,https://www.teleoperator.org,True
telemonit.com,http://telemonit.com,True
telemonit.com,http://www.telemonit.com,True
telemonit.com,https://telemonit.com,True
telemonit.com,https://www.telemonit.com,True
telmedo.com,http://telmedo.com,True
telmedo.com,http://www.telmedo.com,True
telmedo.com,https://telmedo.com,True
telmedo.com,https://www.telmedo.com,True
textware.org,http://textware.org,True
textware.org,http://www.textware.org,True
textware.org,https://textware.org,True
textware.org,https://www.textware.org,True
unleaky.com,http://unleaky.com,False
unleaky.com,http://www.unleaky.com,False
unleaky.com,https://unleaky.com,False
unleaky.com,https://www.unleaky.com,False
uripoint.com,http://uripoint.com,True
uripoint.com,http://www.uripoint.com,True
uripoint.com,https://uripoint.com,True
uripoint.com,https://www.uripoint.com,True
veridock.com,http://veridock.com,True
veridock.com,http://www.veridock.com,True
veridock.com,https://veridock.com,True
veridock.com,https://www.veridock.com,True
vicaptor.com,http://vicaptor.com,True
vicaptor.com,http://www.vicaptor.com,True
vicaptor.com,https://vicaptor.com,True
vicaptor.com,https://www.vicaptor.com,True
videoinspect.com,http://videoinspect.com,True
videoinspect.com,http://www.videoinspect.com,True
videoinspect.com,https://videoinspect.com,True
videoinspect.com,https://www.videoinspect.com,True
vikipay.com,http://vikipay.com,True
vikipay.com,http://www.vikipay.com,True
vikipay.com,https://vikipay.com,True
vikipay.com,https://www.vikipay.com,True
voco.camera,http://voco.camera,True
voco.camera,http://www.voco.camera,True
voco.camera,https://voco.camera,True
voco.camera,https://www.voco.camera,True
webstream.dev,http://webstream.dev,True
webstream.dev,http://www.webstream.dev,True
webstream.dev,https://webstream.dev,True
webstream.dev,https://www.webstream.dev,True
